sampleID,chr,pos,ref,mut
sampleA,demo1,707,G,A
sampleA,demo1,959,A,C
sampleA,demo1,1753,A,C
sampleA,demo1,2056,G,T
sampleA,demo1,3113,T,C
sampleA,demo1,3791,T,A
sampleA,demo1,4115,C,A
sampleA,demo1,4354,T,G
sampleA,demo1,4513,A,T
sampleA,demo1,5328,G,C
sampleA,demo1,5586,G,C
sampleA,demo1,6477,G,A
sampleA,demo1,6605,G,C
sampleA,demo1,7218,A,T
sampleA,demo1,7776,C,G
sampleA,demo1,8850,T,C
sampleA,demo1,9435,C,G
sampleA,demo1,9848,C,G
sampleA,demo1,10122,T,A
sampleB,demo1,791,A,T
sampleB,demo1,2420,A,T
sampleB,demo1,3504,T,C
sampleB,demo1,4673,C,A
sampleB,demo1,5039,T,G
sampleB,demo1,5495,A,T
sampleB,demo1,5942,G,C
sampleB,demo1,6327,C,T
sampleB,demo1,6464,G,A
sampleB,demo1,6917,T,C
sampleB,demo1,7309,C,A
sampleB,demo1,7609,G,A
sampleB,demo1,7853,T,A
sampleB,demo1,7994,C,T
sampleB,demo1,9248,G,C
sampleB,demo1,10222,A,T
sampleB,demo1,11165,C,G
sampleB,demo1,11364,G,T
sampleC,demo1,668,C,T
sampleC,demo1,1119,A,G
sampleC,demo1,1779,G,C
sampleC,demo1,2366,G,A
sampleC,demo1,2590,A,T
sampleC,demo1,2864,G,A
sampleC,demo1,3363,T,C
sampleC,demo1,3594,G,C
sampleC,demo1,3794,T,G
sampleC,demo1,4008,G,C
sampleC,demo1,4128,C,A
sampleC,demo1,4356,C,A
sampleC,demo1,4674,T,A
sampleC,demo1,5191,A,C
sampleC,demo1,5350,T,C
sampleC,demo1,7313,G,C
sampleC,demo1,8348,A,C
sampleC,demo1,9877,A,T
sampleC,demo1,10330,G,T
sampleC,demo1,10810,C,G
sampleC,demo1,11302,C,T
sampleB,demo1,10758,A,AGC
sampleB,demo1,10882,GTCTC,GTC
sampleC,demo1,3038,GG,GGCG
sampleC,demo1,3212,TGA,T
sampleC,demo1,7486,TC,T
sampleC,demo1,7693,G,GC
